predictor,Odds Ratio,95% CI Lower,95% CI Upper,p-value
Attack vector: LOCAL vs NETWORK,46.9176,6.2114,354.3878,0.0002
Attack vector: OTHER vs NETWORK,37.1333,4.6189,298.5273,0.0007
Attack complexity: HIGH vs LOW,10.0198,4.0176,24.9888,0.0
Privileges required: LOW vs NONE,44.3639,19.7155,99.8279,0.0
Privileges required: HIGH vs NONE,33.9287,13.0254,88.3776,0.0
User interaction: REQUIRED vs NONE,29.0523,16.7092,50.5134,0.0
Publication year: 2021 vs 2020,1.5647,0.7802,3.1379,0.2073
Publication year: 2022 vs 2020,1.0534,0.4787,2.3183,0.8971
Publication year: 2023 vs 2020,2.3866,1.1692,4.8717,0.0169
Publication year: 2024 vs 2020,1.1175,0.5407,2.3096,0.7642
Publication year: 2025 vs 2020,1.3397,0.6735,2.6649,0.4047
Publication year: 2026 vs 2020,1.0232,0.4922,2.127,0.951
