publication_year,cvss_threshold,kev_with_cvss,below_threshold,percent_below_threshold
2020,7,136,16,11.76
2020,8,136,55,40.44
2020,9,136,79,58.09
2021,7,214,28,13.08
2021,8,214,100,46.73
2021,9,214,146,68.22
2022,7,130,16,12.31
2022,8,130,56,43.08
2022,9,130,83,63.85
2023,7,164,24,14.63
2023,8,164,80,48.78
2023,9,164,114,69.51
2024,7,160,15,9.38
2024,8,160,68,42.5
2024,9,160,91,56.88
2025,7,195,24,12.31
2025,8,195,75,38.46
2025,9,195,118,60.51
2026,7,139,15,10.79
2026,8,139,40,28.78
2026,9,139,63,45.32
